﻿<?xml version="1.0" encoding="UTF-8"?>
<cliente>
  <bd>
    <server>VSSMPR01\SQLEXPRESS</server>
    <database>VSSMPR</database>
    <user>ICGAdmin</user>
  </bd>
  <codvendedor>15000010</codvendedor>
  <campos_clientes>
    <codcliente>15005796</codcliente>
    <codcontable>2805050</codcontable>
    <nombrecliente>APOYO & ASOCIADOS INTERNACIONALES S.A.C. CLASIFICADORA DE RIESGO</nombrecliente>
    <nombrecomercial>APOYO & ASOCIADOS INTERNACIONALES S.A.C. CLASIFICADORA DE RIESGO</nombrecomercial>
    <cif>20177353656</cif>
    <alias>
    </alias>
    <direccion1>MIGUEL HIDALGO NRO. 238  MARANGA</direccion1>
    <codpostal>
    </codpostal>
    <poblacion>
    </poblacion>
    <provincia>
    </provincia>
    <pais>
    </pais>
    <personacontacto>
    </personacontacto>
    <telefono1>
    </telefono1>
    <telefono2>
    </telefono2>
    <fax>
    </fax>
    <faxpedidos>
    </faxpedidos>
    <telex>
    </telex>
    <e_mail>
    </e_mail>
    <codclisuyo>
    </codclisuyo>
    <numcuenta>
    </numcuenta>
    <codbanco>
    </codbanco>
    <numsucursal>
    </numsucursal>
    <digcontrolbanco>
    </digcontrolbanco>
    <codpostalbanco>
    </codpostalbanco>
    <codswift>
    </codswift>
    <nombrebanco>
    </nombrebanco>
    <direccionbanco>
    </direccionbanco>
    <poblacionbanco>
    </poblacionbanco>
    <enviopor>
    </enviopor>
    <enviodirecion>
    </enviodirecion>
    <enviocodpostal>
    </enviocodpostal>
    <enviopoblacion>
    </enviopoblacion>
    <envioprovincia>
    </envioprovincia>
    <enviopais>
    </enviopais>
    <cantportespag>0</cantportespag>
    <tipoportes>D</tipoportes>
    <numdiasentrega>0</numdiasentrega>
    <riesgoconcedido>0</riesgoconcedido>
    <tipo>
    </tipo>
    <recargo>F</recargo>
    <zona>
    </zona>
    <codvendedor>
    </codvendedor>
    <diapago1>0</diapago1>
    <diapago2>0</diapago2>
    <observaciones>
    </observaciones>
    <facturarsinimpuestos>F</facturarsinimpuestos>
    <apdocorreos>
    </apdocorreos>
    <dtocomercial>0</dtocomercial>
    <fechamodificado>11/05/2024*21:38:15:070+</fechamodificado>
    <regimfact>G</regimfact>
    <codmoneda>7</codmoneda>
    <direccion2>
    </direccion2>
    <compradoredi>
    </compradoredi>
    <receptoredi>
    </receptoredi>
    <clienteedi>
    </clienteedi>
    <pagadoredi>
    </pagadoredi>
    <usuario>
    </usuario>
    <pass>
    </pass>
    <tipodoc>
    </tipodoc>
    <numtarjeta>
    </numtarjeta>
    <fechanacimiento>30/12/1899*00:00:00:000+</fechanacimiento>
    <sexo>
    </sexo>
    <nif20>20600516885</nif20>
    <descatalogado>F</descatalogado>
    <transporte>
    </transporte>
    <mesvacaciones>
    </mesvacaciones>
    <grupoimpresion>
    </grupoimpresion>
    <numcopiasfactura>
    </numcopiasfactura>
    <tipocliente>
    </tipocliente>
    <condentregaedi>
    </condentregaedi>
    <condentrega>
    </condentrega>
    <codidioma>
    </codidioma>
    <serie>
    </serie>
    <almacen>
    </almacen>
    <local_remota>L</local_remota>
    <empresa>
    </empresa>
    <codentrega>
    </codentrega>
    <procedencia>
    </procedencia>
    <codigoprocedencia>
    </codigoprocedencia>
    <idsucursal>
    </idsucursal>
    <codvisible>8</codvisible>
    <codpais>
    </codpais>
    <b2b_idmapping>
    </b2b_idmapping>
    <facturarconimpuesto>0</facturarconimpuesto>
    <cargosfijosa>0</cargosfijosa>
    <tipotarjeta>
    </tipotarjeta>
    <tarcaducidad>
    </tarcaducidad>
    <cvc>
    </cvc>
    <codcontabledmn>
    </codcontabledmn>
    <disenyo_camposlibres>
    </disenyo_camposlibres>
    <mobil>
    </mobil>
    <nocalcularcargo1artic>0</nocalcularcargo1artic>
    <nocalcularcargo2artic>0</nocalcularcargo2artic>
    <esclientedelgrupo>0</esclientedelgrupo>
    <passwordcommerce>
    </passwordcommerce>
    <tiporeserva>
    </tiporeserva>
    <regimret>
    </regimret>
    <tiporet>
    </tiporet>
    <ret_tiporetencioniva>
    </ret_tiporetencioniva>
    <ret_porcexclusion>0</ret_porcexclusion>
    <ret_fechainiexclusion>30/12/1899*00:00:00:000+</ret_fechainiexclusion>
    <ret_fechafinexclusion>30/12/1899*00:00:00:000+</ret_fechafinexclusion>
    <camposlibrestotalizar>0</camposlibrestotalizar>
    <codcliasoc>
    </codcliasoc>
    <cargosextrasa>2</cargosextrasa>
    <comision>0</comision>
    <proveedorcomision>
    </proveedorcomision>
    <comisionesfacturables>0</comisionesfacturables>
    <localizadorobligatorio>0</localizadorobligatorio>
    <recc>0</recc>
    <bloqueado>F</bloqueado>
    <ordenadeudo>
    </ordenadeudo>
    <subnorma>
    </subnorma>
    <secuenciaadeudo>
    </secuenciaadeudo>
    <codigoiban>
    </codigoiban>
    <fechafirmaordenadeudo>30/12/1899*00:00:00:000+</fechafirmaordenadeudo>
    <tipodocident>0</tipodocident>
    <personajuridica>F</personajuridica>
    <recibirinformacion>0</recibirinformacion>
    <confirmacionreservacompleta>0</confirmacionreservacompleta>
    <confirmacionreservadisenyo>
    </confirmacionreservadisenyo>
    <confirmacionreservaplantillacompleta>
    </confirmacionreservaplantillacompleta>
    <confirmacionreservaplantillasimple>
    </confirmacionreservaplantillasimple>
    <maximoventa_aplicar>F</maximoventa_aplicar>
    <maximoventa_importe>0</maximoventa_importe>
    <maximoventa_codmoneda>
    </maximoventa_codmoneda>
    <tipooperacion>
    </tipooperacion>
    <enviarmailcheckin>1</enviarmailcheckin>
    <enviarmailcheckout>1</enviarmailcheckout>
    <forzarnoimprimir>
    </forzarnoimprimir>
    <avisocheckincompleta>0</avisocheckincompleta>
    <avisocheckindisenyo>
    </avisocheckindisenyo>
    <avisocheckinplantillacompleta>
    </avisocheckinplantillacompleta>
    <avisocheckinplantillasimple>
    </avisocheckinplantillasimple>
    <avisocheckoutcompleta>0</avisocheckoutcompleta>
    <avisocheckoutdisenyo>
    </avisocheckoutdisenyo>
    <avisocheckoutplantillacompleta>
    </avisocheckoutplantillacompleta>
    <avisocheckoutplantillasimple>
    </avisocheckoutplantillasimple>
  </campos_clientes>
  <campos_clientescamposlibres>
    <codcliente>15005796</codcliente>
    <dia_cumpleanos>
    </dia_cumpleanos>
    <mes_cumpleanos>
    </mes_cumpleanos>
    <pais>
    </pais>
    <tienda>
    </tienda>
    <tipo_doc>96_DNI</tipo_doc>
    <igvexentope>F</igvexentope>
  </campos_clientescamposlibres>
</cliente>