﻿<?xml version="1.0" encoding="utf-8"?>
<Configuracion>
  <tipoFormulario>tienda</tipoFormulario>
  <isCheckPromocion>false</isCheckPromocion>
  <emailPrueba>itperu@metasperu.com</emailPrueba>
  <asuntoEmailPromo>Asunto email promocion</asuntoEmailPromo>
  <bodyEmailPromo>&lt;!DOCTYPE html&gt;
&lt;html&gt;

&lt;head&gt;
    &lt;title&gt;App Release&lt;/title&gt;
    &lt;link rel="shortcut icon" href="favicon.ico"&gt;
    &lt;style type="text/css"&gt;
        table[name="blk_permission"],
        table[name="blk_footer"] {
            display: none;
        }
    &lt;/style&gt;
    &lt;meta name="googlebot" content="noindex" /&gt;
    &lt;META NAME="ROBOTS" CONTENT="NOINDEX, NOFOLLOW" /&gt;
    &lt;meta content="width=device-width, initial-scale=1.0" name="viewport"&gt;
&lt;/head&gt;

&lt;body marginheight=0 marginwidth=0 topmargin=0 leftmargin=0
    style="height: 100% !important; margin: 0; padding: 0; width: 100% !important;min-width: 100%;"&gt;

    &lt;table name="bmeMainBody" style="background-color: rgb(245, 245, 245);" width="100%" cellspacing="0" cellpadding="0"
        border="0" bgcolor="#f5f5f5"&gt;
        &lt;tbody&gt;
            &lt;tr&gt;
                &lt;td width="100%" valign="top" align="center"&gt;
                    &lt;table name="bmeMainColumnParentTable" width="100%" cellspacing="0" cellpadding="0" border="0"&gt;
                        &lt;tbody&gt;
                            &lt;tr&gt;
                                &lt;td name="bmeMainColumnParent"
                                    style="border: 0px none transparent; border-radius: 0px; border-collapse: separate; border-spacing: 0px;"&gt;
                                    &lt;table name="bmeMainColumn" class="" style="max-width: 100%; overflow: visible;"
                                        width="100%" cellspacing="0" cellpadding="0" border="0" align="center"&gt;
                                        &lt;tbody&gt;
                                            &lt;tr&gt;
                                                &lt;td class="blk_container bmeHolder" name="bmePreHeader"
                                                    style="color: rgb(102, 102, 102); border: 0px none transparent; background-color: rgb(219, 65, 145);"
                                                    width="100%" valign="top" bgcolor="#db4191" align="center"&gt;
                                                    &lt;div id="dv_2" class="blk_wrapper"&gt;
                                                        &lt;table class="blk" name="blk_permission" style="" width="600"
                                                            cellspacing="0" cellpadding="0" border="0"&gt;
                                                            &lt;tbody&gt;
                                                                &lt;tr&gt;
                                                                    &lt;td name="tblCell" style="padding:20px;"
                                                                        valign="top" align="left"&gt;
                                                                        &lt;table width="100%" cellspacing="0"
                                                                            cellpadding="0" border="0"&gt;
                                                                            &lt;tbody&gt;
                                                                                &lt;tr&gt;
                                                                                    &lt;td name="bmePermissionText"
                                                                                        style="text-align:left;"
                                                                                        align="left"&gt;&lt;span
                                                                                            style="font-family: Arial, Helvetica, sans-serif; font-weight: normal; font-size: 11px;line-height: 140%;"&gt;&lt;a
                                                                                                style="color: #16a7e0;"
                                                                                                target="_new"
                                                                                                href="[ViewWebURL]"&gt;View
                                                                                                this email in your
                                                                                                browser&lt;/a&gt;&lt;/span&gt;&lt;/td&gt;
                                                                                &lt;/tr&gt;
                                                                            &lt;/tbody&gt;
                                                                        &lt;/table&gt;
                                                                    &lt;/td&gt;
                                                                &lt;/tr&gt;
                                                            &lt;/tbody&gt;
                                                        &lt;/table&gt;
                                                    &lt;/div&gt;
                                                &lt;/td&gt;
                                            &lt;/tr&gt;
                                            &lt;tr&gt;
                                                &lt;td class="bmeHolder" name="bmeMainContentParent"
                                                    style="border: 0px none transparent; border-radius: 0px; border-collapse: separate; border-spacing: 0px; overflow: hidden;"
                                                    width="100%" valign="top" align="center"&gt;
                                                    &lt;table name="bmeMainContent"
                                                        style="border-radius: 0px; border-collapse: separate; border-spacing: 0px; border: 0px none transparent;"
                                                        width="100%" cellspacing="0" cellpadding="0" border="0"
                                                        align="center"&gt;
                                                        &lt;tbody&gt;
                                                            &lt;tr&gt;
                                                                &lt;td class="blk_container bmeHolder" name="bmeHeader"
                                                                    style="color: rgb(56, 56, 56); border: 0px none transparent; background-color: rgb(245, 245, 245);"
                                                                    width="100%" valign="top" bgcolor="#f5f5f5"
                                                                    align="center"&gt;
                                                                    &lt;div id="dv_1" class="blk_wrapper"&gt;
                                                                        &lt;table class="blk" name="blk_divider" style=""
                                                                            width="600" cellspacing="0" cellpadding="0"
                                                                            border="0"&gt;
                                                                            &lt;tbody&gt;
                                                                                &lt;tr&gt;
                                                                                    &lt;td class="tblCellMain"
                                                                                        style="padding-top:20px; padding-bottom:20px;padding-left:20px;padding-right:20px;"&gt;
                                                                                        &lt;table class="tblLine"
                                                                                            style="border-top-width: 0px; border-top-style: none; min-width: 1px;"
                                                                                            width="100%" cellspacing="0"
                                                                                            cellpadding="0" border="0"&gt;
                                                                                            &lt;tbody&gt;
                                                                                                &lt;tr&gt;
                                                                                                    &lt;td&gt;&lt;span&gt;&lt;/span&gt;
                                                                                                    &lt;/td&gt;
                                                                                                &lt;/tr&gt;
                                                                                            &lt;/tbody&gt;
                                                                                        &lt;/table&gt;
                                                                                    &lt;/td&gt;
                                                                                &lt;/tr&gt;
                                                                            &lt;/tbody&gt;
                                                                        &lt;/table&gt;
                                                                    &lt;/div&gt;
                                                                    &lt;div id="dv_7" class="blk_wrapper"&gt;
                                                                        &lt;table class="blk" name="blk_text" width="600"
                                                                            cellspacing="0" cellpadding="0" border="0"&gt;
                                                                            &lt;tbody&gt;
                                                                                &lt;tr&gt;
                                                                                    &lt;td&gt;
                                                                                        &lt;table class="bmeContainerRow"
                                                                                            width="100%" cellspacing="0"
                                                                                            cellpadding="0" border="0"&gt;
                                                                                            &lt;tbody&gt;
                                                                                                &lt;tr&gt;
                                                                                                    &lt;td class="tdPart"
                                                                                                        valign="top"
                                                                                                        align="center"&gt;
                                                                                                        &lt;table
                                                                                                            name="tblText"
                                                                                                            style="float:left; background-color:transparent;"
                                                                                                            width="600"
                                                                                                            cellspacing="0"
                                                                                                            cellpadding="0"
                                                                                                            border="0"
                                                                                                            align="left"&gt;
                                                                                                            &lt;tbody&gt;
                                                                                                                &lt;tr&gt;
                                                                                                                    &lt;td name="tblCell"
                                                                                                                        style="padding-top: 10px; padding-bottom:10px; padding-left:20px; padding-right:20px; font-family: Arial,Helvetica,sans-serif; font-size: 14px; font-weight: normal; color: #383838; text-align: left;"
                                                                                                                        valign="top"
                                                                                                                        align="left"&gt;
                                                                                                                        &lt;div
                                                                                                                            style="line-height: 150%; text-align: center;"&gt;
                                                                                                                            &lt;span
                                                                                                                                style="font-family: Helvetica, Calibri, Arial, sans-serif; font-size: 48px; color: #3c3d3c; line-height: 150%;"&gt;App
                                                                                                                                Release!&lt;/span&gt;
                                                                                                                        &lt;/div&gt;
                                                                                                                    &lt;/td&gt;
                                                                                                                &lt;/tr&gt;
                                                                                                            &lt;/tbody&gt;
                                                                                                        &lt;/table&gt;
                                                                                                    &lt;/td&gt;
                                                                                                &lt;/tr&gt;
                                                                                            &lt;/tbody&gt;
                                                                                        &lt;/table&gt;
                                                                                    &lt;/td&gt;
                                                                                &lt;/tr&gt;
                                                                            &lt;/tbody&gt;
                                                                        &lt;/table&gt;
                                                                    &lt;/div&gt;
                                                                    &lt;div id="dv_8" class="blk_wrapper"&gt;
                                                                        &lt;table class="blk" name="blk_text" width="600"
                                                                            cellspacing="0" cellpadding="0" border="0"&gt;
                                                                            &lt;tbody&gt;
                                                                                &lt;tr&gt;
                                                                                    &lt;td&gt;
                                                                                        &lt;table class="bmeContainerRow"
                                                                                            width="100%" cellspacing="0"
                                                                                            cellpadding="0" border="0"&gt;
                                                                                            &lt;tbody&gt;
                                                                                                &lt;tr&gt;
                                                                                                    &lt;td class="tdPart"
                                                                                                        valign="top"
                                                                                                        align="center"&gt;
                                                                                                        &lt;table
                                                                                                            name="tblText"
                                                                                                            style="float:left; background-color:transparent;"
                                                                                                            width="600"
                                                                                                            cellspacing="0"
                                                                                                            cellpadding="0"
                                                                                                            border="0"
                                                                                                            align="left"&gt;
                                                                                                            &lt;tbody&gt;
                                                                                                                &lt;tr&gt;
                                                                                                                    &lt;td name="tblCell"
                                                                                                                        style="padding-top: 10px; padding-bottom:10px; padding-left:20px; padding-right:20px; font-family: Arial,Helvetica,sans-serif; font-size: 14px; font-weight: normal; color: #383838; text-align: left;"
                                                                                                                        valign="top"
                                                                                                                        align="left"&gt;
                                                                                                                        &lt;div
                                                                                                                            style="line-height: 200%; text-align: center;"&gt;
                                                                                                                            &lt;span
                                                                                                                                style="font-family: Helvetica, Calibri, Arial, sans-serif; font-size: 14px; color: #b0b0b0; line-height: 200%;"&gt;You
                                                                                                                                had
                                                                                                                                to
                                                                                                                                be
                                                                                                                                excited
                                                                                                                                enough
                                                                                                                                about
                                                                                                                                something
                                                                                                                                to
                                                                                                                                decide
                                                                                                                                to
                                                                                                                                send
                                                                                                                                this
                                                                                                                                email
                                                                                                                                campaign.
                                                                                                                                This
                                                                                                                                is
                                                                                                                                where
                                                                                                                                that
                                                                                                                                news
                                                                                                                                goes.
                                                                                                                                Think
                                                                                                                                of
                                                                                                                                it
                                                                                                                                as
                                                                                                                                your
                                                                                                                                mountaintop
                                                                                                                                to
                                                                                                                                shout
                                                                                                                                from.&lt;/span&gt;
                                                                                                                        &lt;/div&gt;
                                                                                                                    &lt;/td&gt;
                                                                                                                &lt;/tr&gt;
                                                                                                            &lt;/tbody&gt;
                                                                                                        &lt;/table&gt;
                                                                                                    &lt;/td&gt;
                                                                                                &lt;/tr&gt;
                                                                                            &lt;/tbody&gt;
                                                                                        &lt;/table&gt;
                                                                                    &lt;/td&gt;
                                                                                &lt;/tr&gt;
                                                                            &lt;/tbody&gt;
                                                                        &lt;/table&gt;
                                                                    &lt;/div&gt;
                                                                    &lt;div id="dv_9" class="blk_wrapper"&gt;
                                                                        &lt;table class="blk" name="blk_divider" style=""
                                                                            width="600" cellspacing="0" cellpadding="0"
                                                                            border="0"&gt;
                                                                            &lt;tbody&gt;
                                                                                &lt;tr&gt;
                                                                                    &lt;td class="tblCellMain"
                                                                                        style="padding-top:20px; padding-bottom:20px;padding-left:20px;padding-right:20px;"&gt;
                                                                                        &lt;table class="tblLine"
                                                                                            style="border-top-width: 0px; border-top-style: none; min-width: 1px;"
                                                                                            width="100%" cellspacing="0"
                                                                                            cellpadding="0" border="0"&gt;
                                                                                            &lt;tbody&gt;
                                                                                                &lt;tr&gt;
                                                                                                    &lt;td&gt;&lt;span&gt;&lt;/span&gt;
                                                                                                    &lt;/td&gt;
                                                                                                &lt;/tr&gt;
                                                                                            &lt;/tbody&gt;
                                                                                        &lt;/table&gt;
                                                                                    &lt;/td&gt;
                                                                                &lt;/tr&gt;
                                                                            &lt;/tbody&gt;
                                                                        &lt;/table&gt;
                                                                    &lt;/div&gt;
                                                                    &lt;div id="dv_5" class="blk_wrapper"&gt;
                                                                        &lt;table class="blk" name="blk_image" width="600"
                                                                            cellspacing="0" cellpadding="0" border="0"&gt;
                                                                            &lt;tbody&gt;
                                                                                &lt;tr&gt;
                                                                                    &lt;td&gt;
                                                                                        &lt;table width="100%"
                                                                                            cellspacing="0"
                                                                                            cellpadding="0" border="0"&gt;
                                                                                            &lt;tbody&gt;
                                                                                                &lt;tr&gt;
                                                                                                    &lt;td class="bmeImage"
                                                                                                        style="border-collapse: collapse;padding-left:20px; padding-right: 20px;padding-top:20px; padding-bottom: 20px; "
                                                                                                        align="center"&gt;
                                                                                                        &lt;img src="https://www.benchmarkemail.com/images/templates_n/new_editor/Templates/AppRelease/Hero.png"
                                                                                                            style="max-width: 1200px; display: block; width: 560px;"
                                                                                                            alt=""
                                                                                                            width="560"
                                                                                                            border="0"&gt;
                                                                                                    &lt;/td&gt;
                                                                                                &lt;/tr&gt;
                                                                                            &lt;/tbody&gt;
                                                                                        &lt;/table&gt;
                                                                                    &lt;/td&gt;
                                                                                &lt;/tr&gt;
                                                                            &lt;/tbody&gt;
                                                                        &lt;/table&gt;
                                                                    &lt;/div&gt;
                                                                    &lt;div id="dv_3" class="blk_wrapper"&gt;
                                                                        &lt;table class="blk" name="blk_divider" style=""
                                                                            width="600" cellspacing="0" cellpadding="0"
                                                                            border="0"&gt;
                                                                            &lt;tbody&gt;
                                                                                &lt;tr&gt;
                                                                                    &lt;td class="tblCellMain"
                                                                                        style="padding-top:20px; padding-bottom:20px;padding-left:20px;padding-right:20px;"&gt;
                                                                                        &lt;table class="tblLine"
                                                                                            style="border-top-width: 0px; border-top-style: none; min-width: 1px;"
                                                                                            width="100%" cellspacing="0"
                                                                                            cellpadding="0" border="0"&gt;
                                                                                            &lt;tbody&gt;
                                                                                                &lt;tr&gt;
                                                                                                    &lt;td&gt;&lt;span&gt;&lt;/span&gt;
                                                                                                    &lt;/td&gt;
                                                                                                &lt;/tr&gt;
                                                                                            &lt;/tbody&gt;
                                                                                        &lt;/table&gt;
                                                                                    &lt;/td&gt;
                                                                                &lt;/tr&gt;
                                                                            &lt;/tbody&gt;
                                                                        &lt;/table&gt;
                                                                    &lt;/div&gt;
                                                                &lt;/td&gt;
                                                            &lt;/tr&gt;
                                                            &lt;tr&gt;
                                                                &lt;td class="blk_container bmeHold</bodyEmailPromo>
  <isHtml>true</isHtml>
  <servicioEmail>itperu@metasperu.com</servicioEmail>
  <servicioPassword>lpieqykwqpdzkhgt</servicioPassword>
  <api>https://apiperu.dev/api/</api>
  <key>8a02ec4cc1f4618487ff6a58100299a7dd02bc4ec60e3c8959d97dfd7becdf6b</key>
</Configuracion>